{"gE6EEGKXGWHhdfhCDEbS7w==\n":"wp1830694.png-122x122.png","C1iaWkGPXAbw9nEy2JJcig==\n":"wp1830694.png-1-122x122.png","Aabq0fzZVeaET8UTgCZKyg==\n":"wp1830694.png-900x900.png","fyLbnhrvWqIje78ebvtZHA==\n":"wp1830694.png-192x192.png","WFI1fBtH6MUTZPcz5rM5yA==\n":"jumbotron.jpg","V9pNk4XqDInrMYTWjoRalA==\n":"download.png-122x131.png","GMBKaGT19cyQzXVvUbG5Fg==\n":"logo.png-151x160.png","ikaOID6OjzjzG0DZNCyxEw==\n":"img_20211008_005028_468.jpg-640x640.jpg","VZG+WpKrvQ3skGgWAhtUfg==\n":"ead logo.png-411x417.png"}